{
  "project_info": {
    "project_number": "214532355962",
    "project_id": "project4-7bc8b",
    "storage_bucket": "project4-7bc8b.appspot.com"
  },
  "client": [
    {
      "client_info": {
        "mobilesdk_app_id": "1:214532355962:android:8744ae5c2295a3544b08c3",
        "android_client_info": {
          "package_name": "com.udacity.project4"
        }
      },
      "oauth_client": [
        {
          "client_id": "214532355962-p64fa2pns701nt2uier44fj4bjnnfeho.apps.googleusercontent.com",
          "client_type": 1,
          "android_info": {
            "package_name": "com.udacity.project4",
            "certificate_hash": "a66557b41d47a8b79cca0bf1e513ec2137053a3b"
          }
        },
        {
          "client_id": "214532355962-ft6pfqds9c0m50jtk0cr72fmtff1drol.apps.googleusercontent.com",
          "client_type": 3
        }
      ],
      "api_key": [
        {
          "current_key": "AIzaSyDmPwAsJ-rz9ItowW1TMDOYAO93N_T_h9k"
        }
      ],
      "services": {
        "appinvite_service": {
          "other_platform_oauth_client": [
            {
              "client_id": "214532355962-ft6pfqds9c0m50jtk0cr72fmtff1drol.apps.googleusercontent.com",
              "client_type": 3
            }
          ]
        }
      }
    }
  ],
  "configuration_version": "1"
}